{
      "berlin52.txt": {
            "seq": [
                  [
                        1.21442,
                        7544.37
                  ],
                  [
                        1.08325,
                        7544.37
                  ],
                  [
                        0.955965,
                        7544.37
                  ],
                  [
                        0.940921,
                        7544.37
                  ],
                  [
                        1.03727,
                        7544.37
                  ],
                  [
                        0.966102,
                        7544.37
                  ],
                  [
                        1.01549,
                        7544.37
                  ],
                  [
                        1.14825,
                        7544.37
                  ],
                  [
                        1.04582,
                        7544.37
                  ],
                  [
                        0.983947,
                        7544.37
                  ],
                  [
                        1.00638,
                        7544.37
                  ],
                  [
                        0.960212,
                        7544.37
                  ],
                  [
                        1.05207,
                        7544.37
                  ],
                  [
                        1.08549,
                        7544.37
                  ],
                  [
                        0.950307,
                        7544.37
                  ],
                  [
                        0.990385,
                        7544.37
                  ],
                  [
                        1.03933,
                        7544.37
                  ],
                  [
                        1.03634,
                        7544.37
                  ],
                  [
                        1.23177,
                        7544.37
                  ],
                  [
                        1.32574,
                        7544.37
                  ]
            ],
            "parallel_1": [
                  [
                        1.32102,
                        7544.37
                  ],
                  [
                        1.25098,
                        7544.37
                  ],
                  [
                        1.36879,
                        7544.37
                  ],
                  [
                        1.32173,
                        7544.37
                  ],
                  [
                        1.37274,
                        7544.37
                  ],
                  [
                        1.21161,
                        7544.37
                  ],
                  [
                        1.27636,
                        7544.37
                  ],
                  [
                        1.1836,
                        7544.37
                  ],
                  [
                        1.10292,
                        7544.37
                  ],
                  [
                        1.59573,
                        7544.37
                  ],
                  [
                        2.1177,
                        7544.37
                  ],
                  [
                        1.59282,
                        7544.37
                  ],
                  [
                        1.30573,
                        7544.37
                  ],
                  [
                        1.38976,
                        7544.37
                  ],
                  [
                        1.38571,
                        7544.37
                  ],
                  [
                        1.37679,
                        7544.37
                  ],
                  [
                        1.24226,
                        7544.37
                  ],
                  [
                        1.21976,
                        7544.37
                  ],
                  [
                        1.31402,
                        7544.37
                  ],
                  [
                        1.30446,
                        7544.37
                  ]
            ],
            "parallel_2": [
                  [
                        2.33729,
                        7544.37
                  ],
                  [
                        2.74905,
                        7736.35
                  ],
                  [
                        1.92896,
                        7544.37
                  ],
                  [
                        2.10091,
                        7544.37
                  ],
                  [
                        2.0747,
                        7544.37
                  ],
                  [
                        2.1612,
                        7544.37
                  ],
                  [
                        2.15137,
                        7544.37
                  ],
                  [
                        1.77867,
                        7544.37
                  ],
                  [
                        1.79965,
                        7544.37
                  ],
                  [
                        1.97596,
                        7544.37
                  ],
                  [
                        2.32135,
                        7760.07
                  ],
                  [
                        2.18067,
                        7544.37
                  ],
                  [
                        2.09146,
                        7544.37
                  ],
                  [
                        2.07383,
                        7544.37
                  ],
                  [
                        2.08058,
                        7544.37
                  ],
                  [
                        1.88281,
                        7544.37
                  ],
                  [
                        1.85294,
                        7544.37
                  ],
                  [
                        2.19045,
                        7716.98
                  ],
                  [
                        2.04438,
                        7745.44
                  ],
                  [
                        1.84317,
                        7544.37
                  ]
            ],