{
      "berlin52.txt": {
            "seq": [
                  [
                        0.99602,
                        7544.37
                  ],
                  [
                        1.08477,
                        7544.37
                  ],
                  [
                        1.12006,
                        7544.37
                  ],
                  [
                        1.05791,
                        7544.37
                  ],
                  [
                        1.02992,
                        7544.37
                  ],
                  [
                        1.16434,
                        7544.37
                  ],
                  [
                        0.986602,
                        7544.37
                  ],
                  [
                        0.984631,
                        7544.37
                  ],
                  [
                        0.948818,
                        7544.37
                  ],
                  [
                        0.938486,
                        7598.44
                  ],
                  [
                        1.01117,
                        7544.37
                  ],
                  [
                        0.99928,
                        7544.37
                  ],
                  [
                        0.982693,
                        7544.37
                  ],
                  [
                        1.03885,
                        7544.37
                  ],
                  [
                        1.18819,
                        7544.37
                  ],
                  [
                        1.44538,
                        7544.37
                  ],
                  [
                        2.0891,
                        7544.37
                  ],
                  [
                        1.34884,
                        7544.37
                  ],
                  [
                        0.974144,
                        7544.37
                  ],
                  [
                        0.983529,
                        7544.37
                  ]
            ],
            "parallel_1": [
                  [
                        1.10215,
                        7544.37
                  ],
                  [
                        1.64858,
                        7544.37
                  ],
                  [
                        1.22595,
                        7544.37
                  ],
                  [
                        1.29213,
                        7544.37
                  ],
                  [
                        1.06475,
                        7544.37
                  ],
                  [
                        1.30127,
                        7544.37
                  ],
                  [
                        1.00477,
                        7544.37
                  ],
                  [
                        1.01701,
                        7544.37
                  ],
                  [
                        1.2929,
                        7544.37
                  ],
                  [
                        0.976675,
                        7544.37
                  ],
                  [
                        1.26882,
                        7544.37
                  ],
                  [
                        1.362,
                        7544.37
                  ],
                  [
                        1.1602,
                        7544.37
                  ],
                  [
                        1.20979,
                        7544.37
                  ],
                  [
                        1.05011,
                        7544.37
                  ],
                  [
                        1.03502,
                        7544.37
                  ],
                  [
                        1.02326,
                        7544.37
                  ],
                  [
                        1.04211,
                        7544.37
                  ],
                  [
                        1.07602,
                        7544.37
                  ],
                  [
                        1.19113,
                        7544.37
                  ]
            ],
            "parallel_2": [
                  [
                        1.92351,
                        7544.37
                  ],
                  [
                        1.67189,
                        7544.37
                  ],
                  [
                        1.73523,
                        7544.37
                  ],
                  [
                        2.00643,
                        7544.37
                  ],
                  [
                        1.98004,
                        7544.37
                  ],
                  [
                        0.968311,
                        7544.37
                  ],
                  [
                        1.04143,
                        7544.37
                  ],
                  [
                        1.72887,
                        7544.37
                  ],
                  [
                        1.89348,
                        7544.37
                  ],
                  [
                        1.95479,
                        7544.37
                  ],
                  [
                        1.71888,
                        7544.37
                  ],
                  [
                        1.71048,
                        7544.37
                  ],
                  [
                        1.73617,
                        7544.37
                  ],
                  [
                        2.03384,
                        7634.59
                  ],
                  [
                        1.86665,
                        7544.37
                  ],
                  [
                        1.8354,
                        7544.37
                  ],
                  [
                        1.69657,
                        7544.37
                  ],
                  [
                        1.51908,
                        7742.65
                  ],
                  [
                        1.97212,
                        7544.37
                  ],
                  [
                        2.07667,
                        7544.37
                  ]
            ],